{"primary":{"lapack eig":{"group":{"tags":["array","lapack","linalg","eig"]},"results":{"(:hermeig,1024)":{"time":4.821118128e8,"gctime":1.0283432934024159e6,"bytes":5.1185328e7,"allocs":50.0},"(:symeig,16)":{"time":62968.92,"gctime":0.0,"bytes":13504.0,"allocs":25.0},"(:symeig,256)":{"time":9.43892152e6,"gctime":47618.94146606197,"bytes":1.670464e6,"allocs":33.0},"(:symeig,4)":{"time":10109.82,"gctime":0.0,"bytes":3168.0,"allocs":23.0},"(:realeig,1024)":{"time":1.7200853615e9,"gctime":1.5720995851559538e7,"bytes":8.3629744e7,"allocs":13634.0},"(:hermeig,16)":{"time":149850.49,"gctime":0.0,"bytes":27104.0,"allocs":27.0},"(:hermeig,256)":{"time":1.630192415e7,"gctime":98502.19923680894,"bytes":3.36024e6,"allocs":38.0},"(:symeig,64)":{"time":719867.85,"gctime":0.0,"bytes":123664.0,"allocs":31.0},"(:hermeig,4)":{"time":14135.74,"gctime":0.0,"bytes":5600.0,"allocs":25.0},"(:realeig,16)":{"time":97249.02,"gctime":0.0,"bytes":31808.0,"allocs":121.0},"(:realeig,256)":{"time":8.743014721e7,"gctime":258559.74853598975,"bytes":5.215008e6,"allocs":1735.0},"(:realeig,4)":{"time":12712.31,"gctime":0.0,"bytes":9168.0,"allocs":55.0},"(:hermeig,64)":{"time":1.23863511e6,"gctime":4973.912415947787,"bytes":251344.0,"allocs":35.0},"(:symeig,1024)":{"time":2.507139377368421e8,"gctime":688409.0000646927,"bytes":2.5552368e7,"allocs":44.0},"(:realeig,64)":{"time":3.23249855e6,"gctime":8025.818355424175,"bytes":345904.0,"allocs":441.0}}}},"judged":{"lapack eig":{"group":{"tags":["array","lapack","linalg","eig"]},"results":{"(:hermeig,1024)":{"time":["invariant",1.1390373640230154],"gctime":["invariant",1.0273917153429475],"bytes":["invariant",0.9999993748212379],"allocs":["invariant",0.9803921568627451]},"(:symeig,16)":{"time":["improvement",0.7190725004693407],"gctime":["invariant",1.0],"bytes":["invariant",0.9976359338061466],"allocs":["invariant",0.9615384615384616]},"(:symeig,256)":{"time":["invariant",1.0007656859477227],"gctime":["invariant",1.0203741986114123],"bytes":["invariant",0.9999808440127962],"allocs":["invariant",0.9705882352941176]},"(:symeig,4)":{"time":["invariant",0.9940581598289128],"gctime":["invariant",1.0],"bytes":["invariant",0.99],"allocs":["invariant",0.9583333333333334]},"(:realeig,1024)":{"time":["invariant",1.0075754669614185],"gctime":["invariant",1.003322381431046],"bytes":["invariant",0.9999996173611657],"allocs":["invariant",0.9999266593325999]},"(:hermeig,16)":{"time":["regression",1.2032265959341433],"gctime":["invariant",1.0],"bytes":["invariant",0.9988207547169812],"allocs":["invariant",0.9642857142857143]},"(:hermeig,256)":{"time":["invariant",1.101858048783933],"gctime":["invariant",1.033457237807491],"bytes":["invariant",0.9999904769613889],"allocs":["invariant",0.9743589743589743]},"(:symeig,64)":{"time":["invariant",1.0044750882331728],"gctime":["invariant",1.0],"bytes":["invariant",0.999741301254689],"allocs":["invariant",0.96875]},"(:hermeig,4)":{"time":["invariant",1.0126954629176568],"gctime":["invariant",1.0],"bytes":["invariant",0.9943181818181818],"allocs":["invariant",0.9615384615384616]},"(:realeig,16)":{"time":["improvement",0.6271106839908733],"gctime":["invariant",1.0],"bytes":["invariant",0.9989949748743718],"allocs":["invariant",0.9918032786885246]},"(:realeig,256)":{"time":["invariant",1.0068902173899428],"gctime":["invariant",1.0480877391608279],"bytes":["invariant",0.9999938639013315],"allocs":["invariant",0.9994239631336406]},"(:realeig,4)":{"time":["invariant",1.0990333549180802],"gctime":["invariant",1.0],"bytes":["invariant",0.9965217391304347],"allocs":["invariant",0.9821428571428571]},"(:hermeig,64)":{"time":["invariant",1.0802975319860744],"gctime":["invariant",1.0374495996565511],"bytes":["invariant",0.9998727006555916],"allocs":["invariant",0.9722222222222222]},"(:symeig,1024)":{"time":["invariant",0.9612809643521462],"gctime":["invariant",1.022196009177482],"bytes":["invariant",0.9999987476714516],"allocs":["invariant",0.9777777777777777]},"(:realeig,64)":{"time":["invariant",0.9935875597531763],"gctime":["invariant",0.9924083938832416],"bytes":["invariant",0.9999074973405485],"allocs":["invariant",0.997737556561086]}}}},"against":{"lapack eig":{"group":{"tags":["array","lapack","linalg","eig"]},"results":{"(:hermeig,1024)":{"time":4.2326250922727275e8,"gctime":1.0009262076433533e6,"bytes":5.118536e7,"allocs":51.0},"(:symeig,16)":{"time":87569.64,"gctime":0.0,"bytes":13536.0,"allocs":26.0},"(:symeig,256)":{"time":9.4316998e6,"gctime":46668.116001820454,"bytes":1.670496e6,"allocs":34.0},"(:symeig,4)":{"time":10170.25,"gctime":0.0,"bytes":3200.0,"allocs":24.0},"(:realeig,1024)":{"time":1.70715288125e9,"gctime":1.5668937664020382e7,"bytes":8.3629776e7,"allocs":13635.0},"(:hermeig,16)":{"time":124540.54,"gctime":0.0,"bytes":27136.0,"allocs":28.0},"(:hermeig,256)":{"time":1.479494039e7,"gctime":95313.28015640411,"bytes":3.360272e6,"allocs":39.0},"(:symeig,64)":{"time":716660.73,"gctime":0.0,"bytes":123696.0,"allocs":32.0},"(:hermeig,4)":{"time":13958.53,"gctime":0.0,"bytes":5632.0,"allocs":26.0},"(:realeig,16)":{"time":155074.73,"gctime":0.0,"bytes":31840.0,"allocs":122.0},"(:realeig,256)":{"time":8.683185684e7,"gctime":246696.66371921374,"bytes":5.21504e6,"allocs":1736.0},"(:realeig,4)":{"time":11566.81,"gctime":0.0,"bytes":9200.0,"allocs":56.0},"(:hermeig,64)":{"time":1.14656849e6,"gctime":4794.365352875365,"bytes":251376.0,"allocs":36.0},"(:symeig,1024)":{"time":2.608123400277778e8,"gctime":673460.8567085156,"bytes":2.55524e7,"allocs":45.0},"(:realeig,64)":{"time":3.25336053e6,"gctime":8087.213293329343,"bytes":345936.0,"allocs":442.0}}}},"success?":false}