{"primary":{"lapack eig":{"group":{"tags":["array","lapack","linalg","eig"]},"results":{"(:hermeig,1024)":{"time":4.2315257395454544e8,"gctime":1.052447476355945e6,"bytes":5.1185328e7,"allocs":50.0},"(:symeig,16)":{"time":83079.09,"gctime":0.0,"bytes":13504.0,"allocs":25.0},"(:symeig,256)":{"time":9.47586784e6,"gctime":49059.66037110913,"bytes":1.670464e6,"allocs":33.0},"(:symeig,4)":{"time":9949.19,"gctime":0.0,"bytes":3168.0,"allocs":23.0},"(:realeig,1024)":{"time":1.70705125825e9,"gctime":1.5901203294205943e7,"bytes":8.3629744e7,"allocs":13634.0},"(:hermeig,16)":{"time":126201.49,"gctime":0.0,"bytes":27104.0,"allocs":27.0},"(:hermeig,256)":{"time":1.487939619e7,"gctime":101392.04553479204,"bytes":3.36024e6,"allocs":38.0},"(:symeig,64)":{"time":717203.59,"gctime":0.0,"bytes":123664.0,"allocs":31.0},"(:hermeig,4)":{"time":14327.81,"gctime":0.0,"bytes":5600.0,"allocs":25.0},"(:realeig,16)":{"time":150789.55,"gctime":0.0,"bytes":31808.0,"allocs":121.0},"(:realeig,256)":{"time":8.737276926e7,"gctime":255087.83844527605,"bytes":5.215008e6,"allocs":1735.0},"(:realeig,4)":{"time":12441.13,"gctime":0.0,"bytes":9168.0,"allocs":55.0},"(:hermeig,64)":{"time":1.16010594e6,"gctime":4892.449867131893,"bytes":251344.0,"allocs":35.0},"(:symeig,1024)":{"time":2.6342528417142856e8,"gctime":719712.7810781249,"bytes":2.5552368e7,"allocs":44.0},"(:realeig,64)":{"time":3.27457702e6,"gctime":8340.352897522474,"bytes":345904.0,"allocs":441.0}}}},"judged":{"lapack eig":{"group":{"tags":["array","lapack","linalg","eig"]},"results":{"(:hermeig,1024)":{"time":["invariant",1.0126378310061503],"gctime":["invariant",1.030210364770688],"bytes":["invariant",0.9999993748212379],"allocs":["invariant",0.9803921568627451]},"(:symeig,16)":{"time":["regression",1.3369700238961064],"gctime":["invariant",1.0],"bytes":["invariant",0.9976359338061466],"allocs":["invariant",0.9615384615384616]},"(:symeig,256)":{"time":["invariant",1.006448711444309],"gctime":["invariant",1.0270698462096781],"bytes":["invariant",0.9999808440127962],"allocs":["invariant",0.9705882352941176]},"(:symeig,4)":{"time":["invariant",1.003911031105613],"gctime":["invariant",1.0],"bytes":["invariant",0.99],"allocs":["invariant",0.9583333333333334]},"(:realeig,1024)":{"time":["invariant",0.9989330561042421],"gctime":["invariant",1.0285170676247428],"bytes":["invariant",0.9999996173611657],"allocs":["invariant",0.9999266593325999]},"(:hermeig,16)":{"time":["invariant",1.013135524302683],"gctime":["invariant",1.0],"bytes":["invariant",0.9988207547169812],"allocs":["invariant",0.9642857142857143]},"(:hermeig,256)":{"time":["invariant",1.0075414756754686],"gctime":["invariant",1.0303822416642465],"bytes":["invariant",0.9999904769613889],"allocs":["invariant",0.9743589743589743]},"(:symeig,64)":{"time":["invariant",1.0034773281578862],"gctime":["invariant",1.0],"bytes":["invariant",0.999741301254689],"allocs":["invariant",0.96875]},"(:hermeig,4)":{"time":["invariant",1.0249604940020274],"gctime":["invariant",1.0],"bytes":["invariant",0.9943181818181818],"allocs":["invariant",0.9615384615384616]},"(:realeig,16)":{"time":["regression",1.5608251085019418],"gctime":["invariant",1.0],"bytes":["invariant",0.9989949748743718],"allocs":["invariant",0.9918032786885246]},"(:realeig,256)":{"time":["invariant",0.9966426230883833],"gctime":["invariant",0.9878354034910761],"bytes":["invariant",0.9999938639013315],"allocs":["invariant",0.9994239631336406]},"(:realeig,4)":{"time":["invariant",1.0669785551643847],"gctime":["invariant",1.0],"bytes":["invariant",0.9965217391304347],"allocs":["invariant",0.9821428571428571]},"(:hermeig,64)":{"time":["invariant",1.0055463558873743],"gctime":["invariant",0.9981786408391005],"bytes":["invariant",0.9998727006555916],"allocs":["invariant",0.9722222222222222]},"(:symeig,1024)":{"time":["invariant",1.0425734440822088],"gctime":["invariant",1.0385696495421413],"bytes":["invariant",0.9999987476714516],"allocs":["invariant",0.9777777777777777]},"(:realeig,64)":{"time":["invariant",1.010523647240155],"gctime":["invariant",1.0248564118833303],"bytes":["invariant",0.9999074973405485],"allocs":["invariant",0.997737556561086]}}}},"against":{"lapack eig":{"group":{"tags":["array","lapack","linalg","eig"]},"results":{"(:hermeig,1024)":{"time":4.178715835e8,"gctime":1.0215850202499242e6,"bytes":5.118536e7,"allocs":51.0},"(:symeig,16)":{"time":62139.83,"gctime":0.0,"bytes":13536.0,"allocs":26.0},"(:symeig,256)":{"time":9.41515224e6,"gctime":47766.62517370169,"bytes":1.670496e6,"allocs":34.0},"(:symeig,4)":{"time":9910.43,"gctime":0.0,"bytes":3200.0,"allocs":24.0},"(:realeig,1024)":{"time":1.7088745315e9,"gctime":1.5460320294857314e7,"bytes":8.3629776e7,"allocs":13635.0},"(:hermeig,16)":{"time":124565.26,"gctime":0.0,"bytes":27136.0,"allocs":28.0},"(:hermeig,256)":{"time":1.47680235e7,"gctime":98402.36121599519,"bytes":3.360272e6,"allocs":39.0},"(:symeig,64)":{"time":714718.28,"gctime":0.0,"bytes":123696.0,"allocs":32.0},"(:hermeig,4)":{"time":13978.89,"gctime":0.0,"bytes":5632.0,"allocs":26.0},"(:realeig,16)":{"time":96608.87,"gctime":0.0,"bytes":31840.0,"allocs":122.0},"(:realeig,256)":{"time":8.766710076e7,"gctime":258229.09114593244,"bytes":5.21504e6,"allocs":1736.0},"(:realeig,4)":{"time":11660.15,"gctime":0.0,"bytes":9200.0,"allocs":56.0},"(:hermeig,64)":{"time":1.15370707e6,"gctime":4901.3770350957875,"bytes":251376.0,"allocs":36.0},"(:symeig,1024)":{"time":2.5266832343243244e8,"gctime":692984.60762397,"bytes":2.55524e7,"allocs":45.0},"(:realeig,64)":{"time":3.2404754e6,"gctime":8138.069685484819,"bytes":345936.0,"allocs":442.0}}}},"success?":false}